update T_CONFIG set CFG_VALUE_C = 'RAM' where CFG_ID_C = 'LUCENE_DIRECTORY_STORAGE';

-- Test users: Password=12345678
insert into T_USER(USE_ID_C, USE_IDLOCALE_C, USE_IDROLE_C, USE_USERNAME_C, USE_PASSWORD_C, USE_EMAIL_C, USE_THEME_C, USE_DISPLAYTITLEWEB_B, USE_DISPLAYTITLEMOBILE_B, USE_DISPLAYUNREADWEB_B, USE_DISPLAYUNREADMOBILE_B, USE_FIRSTCONNECTION_B, USE_CREATEDATE_D) values('user', 'fr_FR', 'user', 'user', '$2a$10$sz0CcBs45prABgQbN5oK1uQJyGDV2i/AK8RJC8QEVfjxVxtCj7kGW', 'user@localhost', 'default.less', false, true, true, true, false, NOW());
insert into T_USER(USE_ID_C, USE_IDLOCALE_C, USE_IDROLE_C, USE_USERNAME_C, USE_PASSWORD_C, USE_EMAIL_C, USE_THEME_C, USE_DISPLAYTITLEWEB_B, USE_DISPLAYTITLEMOBILE_B, USE_DISPLAYUNREADWEB_B, USE_DISPLAYUNREADMOBILE_B, USE_FIRSTCONNECTION_B, USE_CREATEDATE_D) values('user1', 'en', 'user', 'user1', '$2a$10$sz0CcBs45prABgQbN5oK1uQJyGDV2i/AK8RJC8QEVfjxVxtCj7kGW', 'user1@localhost', 'default.less', false, true, true, true, false, NOW());
insert into T_USER(USE_ID_C, USE_IDLOCALE_C, USE_IDROLE_C, USE_USERNAME_C, USE_PASSWORD_C, USE_EMAIL_C, USE_THEME_C, USE_DISPLAYTITLEWEB_B, USE_DISPLAYTITLEMOBILE_B, USE_DISPLAYUNREADWEB_B, USE_DISPLAYUNREADMOBILE_B, USE_FIRSTCONNECTION_B, USE_CREATEDATE_D) values('user2', 'fr_FR', 'user', 'user2', '$2a$10$sz0CcBs45prABgQbN5oK1uQJyGDV2i/AK8RJC8QEVfjxVxtCj7kGW', 'user2@localhost', 'default.less', false, true, true, true, false, NOW());
insert into T_USER(USE_ID_C, USE_IDLOCALE_C, USE_IDROLE_C, USE_USERNAME_C, USE_PASSWORD_C, USE_EMAIL_C, USE_THEME_C, USE_DISPLAYTITLEWEB_B, USE_DISPLAYTITLEMOBILE_B, USE_DISPLAYUNREADWEB_B, USE_DISPLAYUNREADMOBILE_B, USE_FIRSTCONNECTION_B, USE_CREATEDATE_D) values('Aaditya', 'en', 'user', 'Aaditya', '$2a$10$sz0CcBs45prABgQbN5oK1uQJyGDV2i/AK8RJC8QEVfjxVxtCj7kGW', 'Aaditya@localhost', 'default.less', false, true, true, true, false, NOW());
insert into T_USER(USE_ID_C, USE_IDLOCALE_C, USE_IDROLE_C, USE_USERNAME_C, USE_PASSWORD_C, USE_EMAIL_C, USE_THEME_C, USE_DISPLAYTITLEWEB_B, USE_DISPLAYTITLEMOBILE_B, USE_DISPLAYUNREADWEB_B, USE_DISPLAYUNREADMOBILE_B, USE_FIRSTCONNECTION_B, USE_CREATEDATE_D) values('Alex', 'en', 'user', 'Alex', '$2a$10$sz0CcBs45prABgQbN5oK1uQJyGDV2i/AK8RJC8QEVfjxVxtCj7kGW', 'Alex@localhost', 'default.less', false, true, true, true, false, NOW());
insert into T_USER(USE_ID_C, USE_IDLOCALE_C, USE_IDROLE_C, USE_USERNAME_C, USE_PASSWORD_C, USE_EMAIL_C, USE_THEME_C, USE_DISPLAYTITLEWEB_B, USE_DISPLAYTITLEMOBILE_B, USE_DISPLAYUNREADWEB_B, USE_DISPLAYUNREADMOBILE_B, USE_FIRSTCONNECTION_B, USE_CREATEDATE_D) values('Sathvika', 'en', 'user', 'Sathvika', '$2a$10$sz0CcBs45prABgQbN5oK1uQJyGDV2i/AK8RJC8QEVfjxVxtCj7kGW', 'Sathvika@localhost', 'default.less', false, true, true, true, false, NOW());
insert into T_USER(USE_ID_C, USE_IDLOCALE_C, USE_IDROLE_C, USE_USERNAME_C, USE_PASSWORD_C, USE_EMAIL_C, USE_THEME_C, USE_DISPLAYTITLEWEB_B, USE_DISPLAYTITLEMOBILE_B, USE_DISPLAYUNREADWEB_B, USE_DISPLAYUNREADMOBILE_B, USE_FIRSTCONNECTION_B, USE_CREATEDATE_D) values('Amey', 'en', 'user', 'Amey', '$2a$10$sz0CcBs45prABgQbN5oK1uQJyGDV2i/AK8RJC8QEVfjxVxtCj7kGW', 'Amey@localhost', 'default.less', false, true, true, true, false, NOW());
insert into T_USER(USE_ID_C, USE_IDLOCALE_C, USE_IDROLE_C, USE_USERNAME_C, USE_PASSWORD_C, USE_EMAIL_C, USE_THEME_C, USE_DISPLAYTITLEWEB_B, USE_DISPLAYTITLEMOBILE_B, USE_DISPLAYUNREADWEB_B, USE_DISPLAYUNREADMOBILE_B, USE_FIRSTCONNECTION_B, USE_CREATEDATE_D) values('Yeshu', 'en', 'user', 'Yeshu', '$2a$10$sz0CcBs45prABgQbN5oK1uQJyGDV2i/AK8RJC8QEVfjxVxtCj7kGW', 'Yeshu@localhost', 'default.less', false, true, true, true, false, NOW());

insert into T_FEED(FED_ID_C, FED_RSSURL_C, FED_URL_C, FED_TITLE_C, FED_DESCRIPTION_C, FED_CREATEDATE_D) values('ai-news', 'https://www.artificialintelligence-news.com/feed/', 'https://www.artificialintelligence-news.com', 'AI News', 'Artificial Intelligence News', NOW());
insert into T_FEED(FED_ID_C, FED_RSSURL_C, FED_URL_C, FED_TITLE_C, FED_DESCRIPTION_C, FED_CREATEDATE_D) values('mit-news', 'https://news.mit.edu/', 'https://news.mit.edu', 'MIT News', 'MIT News', NOW());
insert into T_FEED(FED_ID_C, FED_RSSURL_C, FED_URL_C, FED_TITLE_C, FED_DESCRIPTION_C, FED_CREATEDATE_D) values('bleeping-computer', 'https://www.bleepingcomputer.com/feed/', 'https://www.bleepingcomputer.com', 'Bleeping Computer', 'BleepingComputer - All Stories', NOW());
insert into T_FEED(FED_ID_C, FED_RSSURL_C, FED_URL_C, FED_TITLE_C, FED_DESCRIPTION_C, FED_CREATEDATE_D) values('security-week', 'https://www.securityweek.com/feed/', 'https://www.securityweek.com', 'Security Week', 'Cybersecurity News, Insights & Analysis', NOW());
insert into T_FEED(FED_ID_C, FED_RSSURL_C, FED_URL_C, FED_TITLE_C, FED_DESCRIPTION_C, FED_CREATEDATE_D) values('portswigger', 'https://portswigger.net', 'https://portswigger.net', 'PortSwigger', 'PortSwigger', NOW());
insert into T_FEED(FED_ID_C, FED_RSSURL_C, FED_URL_C, FED_TITLE_C, FED_DESCRIPTION_C, FED_CREATEDATE_D) values('bitcoin-news', 'https://news.bitcoin.com/feed/', 'https://news.bitcoin.com', 'Bitcoin News', 'Daily Bitcoin News', NOW());
insert into T_FEED(FED_ID_C, FED_RSSURL_C, FED_URL_C, FED_TITLE_C, FED_DESCRIPTION_C, FED_CREATEDATE_D) values('coin-telegraph', 'https://cointelegraph.com/rss', 'https://cointelegraph.com', 'Coin Telegraph', 'Cointelegraph covers fintech, blockchain and Bitcoin bringing you the latest crypto news and analyses on the future of money.', NOW());
insert into T_FEED(FED_ID_C, FED_RSSURL_C, FED_URL_C, FED_TITLE_C, FED_DESCRIPTION_C, FED_CREATEDATE_D) values('techcrunch', 'https://techcrunch.com/feed/', 'https://techcrunch.com', 'TechCrunch', 'TechCrunch is a group-edited blog that profiles the companies, products and events defining and transforming the new web.', NOW());


insert into T_CATEGORY(CAT_ID_C, CAT_IDUSER_C, CAT_IDPARENT_C, CAT_NAME_C, CAT_ORDER_N, CAT_FOLDED_B, CAT_CREATEDATE_D) values('user-root', 'user', null, null, 0, false, NOW());
insert into T_CATEGORY(CAT_ID_C, CAT_IDUSER_C, CAT_IDPARENT_C, CAT_NAME_C, CAT_ORDER_N, CAT_FOLDED_B, CAT_CREATEDATE_D) values('user1-root', 'user1', null, null, 0, false, NOW());
insert into T_CATEGORY(CAT_ID_C, CAT_IDUSER_C, CAT_IDPARENT_C, CAT_NAME_C, CAT_ORDER_N, CAT_FOLDED_B, CAT_CREATEDATE_D) values('user2-root', 'user2', null, null, 0, false, NOW());
insert into T_CATEGORY(CAT_ID_C, CAT_IDUSER_C, CAT_IDPARENT_C, CAT_NAME_C, CAT_ORDER_N, CAT_FOLDED_B, CAT_CREATEDATE_D) values('Aaditya-root', 'Aaditya', null, null, 0, false, NOW());
insert into T_CATEGORY(CAT_ID_C, CAT_IDUSER_C, CAT_IDPARENT_C, CAT_NAME_C, CAT_ORDER_N, CAT_FOLDED_B, CAT_CREATEDATE_D) values('Alex-root', 'Alex', null, null, 0, false, NOW());
insert into T_CATEGORY(CAT_ID_C, CAT_IDUSER_C, CAT_IDPARENT_C, CAT_NAME_C, CAT_ORDER_N, CAT_FOLDED_B, CAT_CREATEDATE_D) values('Yeshu-root', 'Yeshu', null, null, 0, false, NOW());
insert into T_CATEGORY(CAT_ID_C, CAT_IDUSER_C, CAT_IDPARENT_C, CAT_NAME_C, CAT_ORDER_N, CAT_FOLDED_B, CAT_CREATEDATE_D) values('Sathvika-root', 'Sathvika', null, null, 0, false, NOW());
insert into T_CATEGORY(CAT_ID_C, CAT_IDUSER_C, CAT_IDPARENT_C, CAT_NAME_C, CAT_ORDER_N, CAT_FOLDED_B, CAT_CREATEDATE_D) values('Amey-root', 'Amey', null, null, 0, false, NOW());

insert into T_CATEGORY(CAT_ID_C, CAT_IDUSER_C, CAT_IDPARENT_C, CAT_NAME_C, CAT_ORDER_N, CAT_FOLDED_B, CAT_CREATEDATE_D) values('user1-ai', 'user1', 'user1-root', 'AI', 0, false, NOW());
insert into T_CATEGORY(CAT_ID_C, CAT_IDUSER_C, CAT_IDPARENT_C, CAT_NAME_C, CAT_ORDER_N, CAT_FOLDED_B, CAT_CREATEDATE_D) values('user1-cybersecurity', 'user1', 'user1-root', 'Cybersecurity', 1, false, NOW());
insert into T_CATEGORY(CAT_ID_C, CAT_IDUSER_C, CAT_IDPARENT_C, CAT_NAME_C, CAT_ORDER_N, CAT_FOLDED_B, CAT_CREATEDATE_D) values('user1-tools', 'user1', 'user1-cybersecurity', 'Tools', 1, false, NOW());
insert into T_CATEGORY(CAT_ID_C, CAT_IDUSER_C, CAT_IDPARENT_C, CAT_NAME_C, CAT_ORDER_N, CAT_FOLDED_B, CAT_CREATEDATE_D) values('user1-bitcoin', 'user1', 'user1-tools', 'Bitcoin', 1, false, NOW());


insert into T_FEED_SUBSCRIPTION(FES_ID_C, FES_IDUSER_C, FES_IDFEED_C, FES_IDCATEGORY_C, FES_ORDER_N, FES_CREATEDATE_D) values('user1-techcrunch', 'user1', 'techcrunch', 'user1-root', 1, NOW());
insert into T_FEED_SUBSCRIPTION(FES_ID_C, FES_IDUSER_C, FES_IDFEED_C, FES_IDCATEGORY_C, FES_ORDER_N, FES_CREATEDATE_D) values('user1-ai-news', 'user1', 'ai-news', 'user1-ai', 0, NOW());
insert into T_FEED_SUBSCRIPTION(FES_ID_C, FES_IDUSER_C, FES_IDFEED_C, FES_IDCATEGORY_C, FES_ORDER_N, FES_CREATEDATE_D) values('user1-mit-news', 'user1', 'mit-news', 'user1-ai', 0, NOW());
insert into T_FEED_SUBSCRIPTION(FES_ID_C, FES_IDUSER_C, FES_IDFEED_C, FES_IDCATEGORY_C, FES_ORDER_N, FES_CREATEDATE_D) values('user1-bleeping-computer', 'user1', 'bleeping-computer', 'user1-cybersecurity', 0, NOW());
insert into T_FEED_SUBSCRIPTION(FES_ID_C, FES_IDUSER_C, FES_IDFEED_C, FES_IDCATEGORY_C, FES_ORDER_N, FES_CREATEDATE_D) values('user1-security-week', 'user1', 'security-week', 'user1-cybersecurity', 1, NOW());
insert into T_FEED_SUBSCRIPTION(FES_ID_C, FES_IDUSER_C, FES_IDFEED_C, FES_IDCATEGORY_C, FES_ORDER_N, FES_CREATEDATE_D) values('user1-portswigger', 'user1', 'portswigger', 'user1-tools', 0, NOW());
insert into T_FEED_SUBSCRIPTION(FES_ID_C, FES_IDUSER_C, FES_IDFEED_C, FES_IDCATEGORY_C, FES_ORDER_N, FES_CREATEDATE_D) values('user1-bitcoin-news', 'user1', 'bitcoin-news', 'user1-bitcoin', 0, NOW());
insert into T_FEED_SUBSCRIPTION(FES_ID_C, FES_IDUSER_C, FES_IDFEED_C, FES_IDCATEGORY_C, FES_ORDER_N, FES_CREATEDATE_D) values('user1-coin-telegraph', 'user1', 'coin-telegraph', 'user1-bitcoin', 1, NOW());

insert into T_BUG_REPORT(BUG_ID_C, BUG_IDUSER_C, BUG_DESCRIPTION_C, BUG_CREATEDATE_D, BUG_STATUS_C, BUG_DELETE_STATUS_B) values('bug1', 'user', 'Sample bug report description', NOW(), 'ongoing', false);
insert into T_BUG_REPORT(BUG_ID_C, BUG_IDUSER_C, BUG_DESCRIPTION_C, BUG_CREATEDATE_D, BUG_STATUS_C, BUG_DELETE_STATUS_B) values('bug2', 'admin', 'Bug in favicon', NOW(), 'ongoing', false);
insert into T_BUG_REPORT(BUG_ID_C, BUG_IDUSER_C, BUG_DESCRIPTION_C, BUG_CREATEDATE_D, BUG_STATUS_C, BUG_DELETE_STATUS_B) values('bug3', 'user2', 'UI not rendering', NOW(), 'ongoing', true);
